{
  "benchmark": "CoIR",
  "mode": "embedding-only",
  "model": "sentence-transformers/all-MiniLM-L6-v2",
  "subtasks_run": [
    "stackoverflow-qa",
    "codefeedback-st",
    "codefeedback-mt",
    "cosqa"
  ],
  "subtasks_total": 10,
  "note": "Ran 4 of 10 CoIR subtasks \u2014 mean is over this subset, not the full leaderboard.",
  "durationSeconds": 1983.7,
  "per_task": {
    "stackoverflow-qa": {
      "ndcg_at_10": 0.8395843247900607,
      "recall_at_10": 0.9262788365095286,
      "map_at_10": 0.8138225745768922
    },
    "codefeedback-st": {
      "ndcg_at_10": 0.6599198804223588,
      "recall_at_10": 0.817159649907366,
      "map_at_10": 0.6150217714595926
    },
    "codefeedback-mt": {
      "ndcg_at_10": 0.35616893305491787,
      "recall_at_10": 0.46765082473450326,
      "map_at_10": 0.32873655409354385
    },
    "cosqa": {
      "ndcg_at_10": 0.32733135385978196,
      "recall_at_10": 0.564,
      "map_at_10": 0.2683864749368338
    }
  },
  "mean_ndcg_at_10": 0.5457511230317798,
  "mean_recall_at_10": 0.6937723277878495,
  "mean_map_at_10": 0.5064918437667156
}