{
  "benchmark": "CodeMemBench",
  "version": "1.0.0",
  "timestamp": "2026-04-12T21:28:06.812Z",
  "datasetPath": "tests/benchmark/codememb/dataset.json",
  "totalQueries": 200,
  "topK": 10,
  "semanticAvailable": true,
  "ingestMs": 141,
  "retrieveMs": 6933,
  "overall": {
    "ndcg": 0.3511091562931825,
    "recall": 0.6766666666666667,
    "mrr": 0.2742519841269842,
    "hitRate": 0.78
  },
  "categoryMetrics": {
    "error_resolution": {
      "count": 25,
      "ndcg": 0.257082189030932,
      "recall": 0.56,
      "mrr": 0.16904761904761909,
      "hitRate": 0.64
    },
    "convention_lookup": {
      "count": 25,
      "ndcg": 0.3901816001119764,
      "recall": 0.7999999999999998,
      "mrr": 0.2985238095238096,
      "hitRate": 0.92
    },
    "decision_rationale": {
      "count": 25,
      "ndcg": 0.3536068862406966,
      "recall": 0.7333333333333332,
      "mrr": 0.2544444444444445,
      "hitRate": 0.88
    },
    "ghost_knowledge": {
      "count": 25,
      "ndcg": 0.35199911328044986,
      "recall": 0.6866666666666665,
      "mrr": 0.2693333333333333,
      "hitRate": 0.76
    },
    "file_specific": {
      "count": 25,
      "ndcg": 0.38899063588384813,
      "recall": 0.6866666666666664,
      "mrr": 0.3381428571428572,
      "hitRate": 0.8
    },
    "cross_cutting": {
      "count": 25,
      "ndcg": 0.3627087556804511,
      "recall": 0.6066666666666667,
      "mrr": 0.3203809523809524,
      "hitRate": 0.72
    },
    "temporal": {
      "count": 25,
      "ndcg": 0.27630030004293826,
      "recall": 0.5666666666666668,
      "mrr": 0.20109523809523813,
      "hitRate": 0.68
    },
    "onboarding": {
      "count": 25,
      "ndcg": 0.42800377007416884,
      "recall": 0.7733333333333333,
      "mrr": 0.34304761904761905,
      "hitRate": 0.84
    }
  },
  "difficultyMetrics": {
    "easy": {
      "count": 72,
      "ndcg": 0.3544646999752772,
      "recall": 0.7638888888888888,
      "mrr": 0.22996031746031742,
      "hitRate": 0.7638888888888888
    },
    "medium": {
      "count": 80,
      "ndcg": 0.42165298179538596,
      "recall": 0.8,
      "mrr": 0.30531746031746015,
      "hitRate": 0.8
    },
    "hard": {
      "count": 48,
      "ndcg": 0.2285027982663689,
      "recall": 0.34027777777777785,
      "mrr": 0.2889136904761904,
      "hitRate": 0.7708333333333334
    }
  }
}