{
  "benchmark": "CodeMemBench",
  "version": "1.0.0",
  "timestamp": "2026-04-16T01:47:08.983Z",
  "datasetPath": "tests/benchmark/codememb/dataset.json",
  "totalQueries": 200,
  "topK": 10,
  "semanticAvailable": true,
  "ingestMs": 144,
  "retrieveMs": 7460,
  "overall": {
    "ndcg": 0.359456331322663,
    "recall": 0.6533333333333333,
    "mrr": 0.2835158730158731,
    "hitRate": 0.735
  },
  "categoryMetrics": {
    "error_resolution": {
      "count": 25,
      "ndcg": 0.3236180191906092,
      "recall": 0.5533333333333333,
      "mrr": 0.26230158730158737,
      "hitRate": 0.6
    },
    "convention_lookup": {
      "count": 25,
      "ndcg": 0.4607978327276351,
      "recall": 0.7799999999999998,
      "mrr": 0.3783333333333333,
      "hitRate": 0.92
    },
    "decision_rationale": {
      "count": 25,
      "ndcg": 0.30899319708881384,
      "recall": 0.6466666666666667,
      "mrr": 0.21776190476190474,
      "hitRate": 0.72
    },
    "ghost_knowledge": {
      "count": 25,
      "ndcg": 0.40115369700257264,
      "recall": 0.7666666666666667,
      "mrr": 0.30182539682539683,
      "hitRate": 0.84
    },
    "file_specific": {
      "count": 25,
      "ndcg": 0.30589075300726004,
      "recall": 0.64,
      "mrr": 0.20792063492063487,
      "hitRate": 0.72
    },
    "cross_cutting": {
      "count": 25,
      "ndcg": 0.3265179597260901,
      "recall": 0.5533333333333333,
      "mrr": 0.2826666666666667,
      "hitRate": 0.64
    },
    "temporal": {
      "count": 25,
      "ndcg": 0.2981158832188826,
      "recall": 0.5133333333333333,
      "mrr": 0.24626984126984128,
      "hitRate": 0.6
    },
    "onboarding": {
      "count": 25,
      "ndcg": 0.4505633086194436,
      "recall": 0.7733333333333333,
      "mrr": 0.371047619047619,
      "hitRate": 0.84
    }
  },
  "difficultyMetrics": {
    "easy": {
      "count": 72,
      "ndcg": 0.4050494848477168,
      "recall": 0.7361111111111112,
      "mrr": 0.30215498236331567,
      "hitRate": 0.7361111111111112
    },
    "medium": {
      "count": 80,
      "ndcg": 0.43013232861540107,
      "recall": 0.8,
      "mrr": 0.3170982142857142,
      "hitRate": 0.8
    },
    "hard": {
      "count": 48,
      "ndcg": 0.17327327221385405,
      "recall": 0.28472222222222227,
      "mrr": 0.1995866402116402,
      "hitRate": 0.625
    }
  }
}